{"cameraMode":{"drawMode":0,"name":"Shaded","section":"Shading Mode"},"sceneLighting":false,"audioPlay":false,"sceneViewState":{"m_AlwaysRefresh":false,"showFog":true,"showSkybox":false,"showFlares":true,"showImageEffects":true,"showParticleSystems":true,"showVisualEffectGraphs":true,"m_FxEnabled":true},"in2DMode":false,"pivot":{"x":-17.648113250732423,"y":1.1397029161453248,"z":25.66114616394043},"rotation":{"x":-0.004923954140394926,"y":0.6661095023155212,"z":0.004397978074848652,"w":0.7458248138427734},"size":7.152108192443848,"orthographic":false}