{"cameraMode":{"drawMode":0,"name":"Shaded","section":"Shading Mode"},"sceneLighting":false,"audioPlay":false,"sceneViewState":{"m_AlwaysRefresh":false,"showFog":true,"showSkybox":false,"showFlares":true,"showImageEffects":true,"showParticleSystems":true,"showVisualEffectGraphs":true,"m_FxEnabled":true},"in2DMode":false,"pivot":{"x":1.6170234680175782,"y":28.239105224609376,"z":-71.49633026123047},"rotation":{"x":0.014987310394644738,"y":0.9835563898086548,"z":0.1513582170009613,"w":-0.09739271551370621},"size":43.605342864990237,"orthographic":false}